category_id,subcategory_id,alt,filename,cloudflare_id
1,1,standard_business_cards,business-cards-18pt-matte-silk-lamination_1.webp,
4,3,specialty_invitations,metallic-foil-invitations_1.webp,00b4ddf0-4fd6-4b24-e4e0-bbd128a73600
5,130,promotional_main,promo-group-1.png,0102573e-1ef9-4252-6bd6-0d9300d06b00
4,37,number_tickets,mesh-banner-8oz-polyester-mesh_2.webp,
4,5,wall_calendars,wall-calendars-100lb-gloss-text_2.webp,28750cd8-7d78-43cf-832c-0361c8628500
4,5,wall_calendars,wall-calendars-100lb-gloss-text_2.webp,38bbb570-dfd9-4c83-a679-20d06d488d00
7,101,letterhead,letterheads-60lb-uncoated_2.webp,
4,6,cut_to_shape_magnets,cut-to-shape-magnets-30mil_2.webp,
3,53,4mm_foam_board,4mm-foam-board_1.png,
5,130,promotional_main,invitations-14pt-matte-finish_1.png,
5,130,promotional_main,promo-group-2.png,069fd024-4097-4b06-99e5-9656ec5fb600
4,50,number_tickets,banners-13oz-glossy-vinyl_1.webp,
4,6,cut_to_shape_magnets,cut-to-shape-magnets-20mil_1.webp,
4,7,standard_flyers,flyers-100lb-uv-high-gloss_1.webp,
4,16,standard_bookmark,bookmark-13pt-enviro-uncoated_2.webp,
1,2,specialty_business-cards,pearl-business-cards_1.webp,08ac0896-7280-4043-0045-6ccf6738dc00
3,54,a_frame_signs,a-frame-signs-4mm-coroplast.jpg,
4,17,specialty_bookmark,bookmark-18pt-matte-silk-lamination_1.webp,
3,55,cut-to-shape-permanent-decals_1.webp,cut-to-shape-permanent-decals_1.webp,
1,1,standard_business_cards,business-cards-14pt-profit-maximizer_1.webp,
4,11,standard_postcards,postcards-14pt-aq_1.webp,0d69f118-83b2-4ee4-9d13-c6191c09f900
1,1,standard_business_cards,business-cards-14pt-writable-uv-c1s_1.webp,
7,100,envelopes,envelopes-60lb-self-adhesive_1.webp,
4,10,specialty_greeting_cards,spot-uv-greeting-cards_1.png,887ba93e-5783-49c5-4ac1-36ccfb880100
5,130,promotional_main,promo-group-3.webp,0fb1e21b-a3ad-4b1a-dcda-431ff3d46a00
7,100,envelopes,security-envelopes-60lb-uncoated_1.webp,6e1b979f-025d-4d18-da2d-05c73f4ec100
4,18,Standard-rack-cards,standard-rack-cards_1.png,100fce98-2272-456a-5e3b-699113cd8e00
1,1,standard_business_cards,business-cards-16pt-aq_1.webp,
3,51,pull_up_banners,pull-up-banners-13oz-matte-vinyl-silverbase_1.png,baa9c8ee-47dc-4076-1945-f8915cbf9600
4,20,posters,posters-100lb-matte-finish_2.webp,125382a4-e37c-42fb-ed8f-300b29a27c00
4,20,posters,posters-100lb-matte-finish_2.webp,25289d09-671c-4472-a3cd-0783973bc300
4,16,specialty_bookmark,bookmark-18pt-matte-lam-spot-uv_1.webp,
4,50,number_tickets,mesh-banner-8oz-polyester-mesh_2.webp,
1,2,specialty_business-cards,durable-business-cards_1.webp,
1,2,standard_postcards,metallic-foil-business-cards_1.webp,
3,52,x_frame_banners,x-frame-banners-13oz-matte-vinyl_2.jpg,140ada96-a76d-4aba-d5a1-4bef7b3f8b00
3,52,x_frame_banners,x-frame-banners-13oz-matte-vinyl_2.jpg,81d01ba0-c56e-4446-1a74-92f419067e00
4,9,standard_greeting_cards,greeting-cards-14pt-aq_1.webp,
4,9,standard_greeting_cards,greeting-cards-14pt-uv-high-gloss_1.webp,
4,19,standard_tear_cards,tear-cards-14pt-uv_1.jpg,aea25408-e3d1-4c91-8854-20a6c6b2b100
4,10,specialty_greeting_cards,kraft-paper-greeting-cards_3.webp,
3,57,3mm-aluminum-signs_1,3mm-aluminum-signs_1.png,
4,12,specialty_postcards,postcards-14pt-writable-uv-c1s_1.webp,1607ced8-0c45-43a9-2790-b13e94695b00
4,21,door_hangers,door-hangers-14pt-matte-finish_1.webp,
3,51,pull_up_banners,pull-up-banners-13oz-matte-vinyl-blackbase-31-5-x-78-75_4.png,b0555943-58be-4abc-6174-9eb943075900
3,51,pull_up_banners,pull-up-banners-13oz-matte-vinyl-blackbase-31-5-x-78-75_4.png,8a31f66f-1920-4723-3d1e-4fd4c8a39f00
3,51,pull_up_banners,pull-up-banners-13oz-matte-vinyl-blackbase-31-5-x-78-75_4.png,ea5988ef-dc28-4f9e-41fa-993918f62d00
3,51,pull_up_banners,pull-up-banners-13oz-matte-vinyl-blackbase-31-5-x-78-75_4.png,a3d2f6fa-19e6-4e73-bdca-867928b67200
3,59,car-magnets-30mil_2,car-magnets-30mil_2.webp,
3,60,coroplast,quick-ship-coroplast-signs_2.png,c2850467-0051-4673-2906-1dfbd0897b00
3,60,coroplast,quick-ship-coroplast-signs_2.png,ad380970-3c76-4c7f-413e-d190e1dc3900
3,60,coroplast,quick-ship-coroplast-signs_2.png,db01299f-d597-467b-3e14-c13276547600
3,60,coroplast,quick-ship-coroplast-signs_2.png,c4b6ef9f-2538-4437-6b8c-3d44ddff9100
3,60,coroplast,quick-ship-coroplast-signs_2.png,93d2a5e6-fe99-4c49-92de-cd3fdedf8700
1,2,specialty_business-cards,die-cut-business-cards_3.webp,
3,62,3mm-sintra,3mm-sintra_4.png,
4,12,specialty_postcards,postcards-13pt-linen-uncoated_1.webp,1b2d9eab-3a83-49c3-f704-b82ae8c55100
4,12,specialty_postcards,postcards-14pt-writable-aq-c1s_1.webp,e62d3231-7a42-4616-4d55-3dc803409d00
4,22,brochures,brochures-80lb-enviro-uncoated_1.png,
3,55,Cut-to-shape-permanent-decals,cut-to-shape-permanent-decals_1.webp,
4,20,posters,posters-100lb-matte-finish_2.webp,125382a4-e37c-42fb-ed8f-300b29a27c00
4,20,posters,posters-100lb-matte-finish_2.webp,25289d09-671c-4472-a3cd-0783973bc300
4,12,specialty_postcards,postcards-13pt-enviro-uncoated_1.webp,1e0aa3be-c87a-4bcd-ea76-6857a0431c00
4,11,standard_postcards,postcards-18pt-gloss-lamination_1.webp,1e5c709d-c44d-4b82-6ecb-c4d1e9f5b300
3,63,floor_graphics,floor-graphics_1.png,
3,58,table_covers,table-runner_1.png,41b95048-9100-44ec-28f9-549d6f1a7400
4,12,specialty_postcards,postcards-18pt-matte-silk-lamination_1.webp,9ae3bd32-f2a1-4d8c-47e0-9d333bfe8f00
2,120,roll_labels,poly-roll-labels_1.webp,d7a106f9-fa3e-4285-3586-ba4b9baf7500
4,12,specialty_postcards,postcards-13pt-enviro-uncoated_1.webp,1e0aa3be-c87a-4bcd-ea76-6857a0431c00
4,25,magnets,magnets-14pt_1.webp,
4,26,booklets,booklets-100lb-gloss-text-8-5-x-5-5_1.jpg,
3,52,x_frame_banners,x-frame-banners-13oz-matte-vinyl_1.jpg,140ada96-a76d-4aba-d5a1-4bef7b3f8b00
3,52,x_frame_banners,x-frame-banners-13oz-matte-vinyl_1.jpg,81d01ba0-c56e-4446-1a74-92f419067e00
1,1,standard_business_cards,business-cards-16pt-matte-finish_1.png,
4,26,booklets,booklets-60lb-offset-text-8-5-x-11_1.jpg,
4,21,door_hangers,door-hangers-13pt-enviro-uncoated_1.png,
4,20,posters,posters-100lb-matte-finish_1.webp,125382a4-e37c-42fb-ed8f-300b29a27c00
4,20,posters,posters-100lb-matte-finish_1.webp,25289d09-671c-4472-a3cd-0783973bc300
4,12,specialty_postcards,durable-postcards_1.webp,
2,121,packaging,lay-flat-pouch_1.png,
4,26,booklets,booklets-80lb-silk-text-8-5-x-11_1.png,
3,64,20pt_styrene,20pt-styrene_1.jpg,
4,5,wall_calendars,wall-calendars-100lb-gloss-text_2.webp,28750cd8-7d78-43cf-832c-0361c8628500
4,5,wall_calendars,wall-calendars-100lb-gloss-text_2.webp,38bbb570-dfd9-4c83-a679-20d06d488d00
4,18,Standard-rack-cards,high-gloss-rack-cards_1.jpg,
4,25,magnets,magnets-14pt_2.webp,
4,12,specialty_postcards,kraft-paper-postcards_2.webp,
3,61,removable_wall_decals,removable-wall-decals-7-mil_1.jpg,ff85b54f-3848-4953-2bed-a4ef34d46900
3,61,removable_wall_decals,removable-wall-decals-7-mil_1.jpg,e1e50fc1-aa8e-45a9-1c81-2f0081795d00
3,61,removable_wall_decals,removable-wall-decals-7-mil_1.jpg,c2a0e0f8-f04c-4943-b3b2-e56f8fc68f00
3,61,removable_wall_decals,removable-wall-decals-7-mil_1.jpg,2a41b602-0408-4715-6d5b-a001aa265e00
4,2,specialty_business-cards,business-cards-13pt-linen-uncoated_1.webp,
11,1,standard_business_cards,business-cards-18pt-matte-lam-spot-uv_1.webp,
4,27,Digital-sheets,digital-sheets-14pt-matte-finish_1.jpg,
3,60,coroplast,6mm-coroplast.png,
4,20,posters,posters-100lb-matte-finish_1.webp,125382a4-e37c-42fb-ed8f-300b29a27c00
4,20,posters,posters-100lb-matte-finish_1.webp,25289d09-671c-4472-a3cd-0783973bc300
4,12,specialty_postcards,kraft-paper-postcards_1.webp,
3,51,pull_up_banners,premium-wide-pull-up-banners-13-oz-matte-vinyl_1.png,701bdaad-4ee9-4806-1d49-d92b96c67000
4,11,standard_postcards,postcards-10pt-matte-finish_1.webp,8f682113-5751-4f18-205d-6300ec26c700
5,130,promotional_main,promo-group-4.webp,2de59e99-69b3-4943-5291-b26c5e03ef00
1,2,specialty_business-cards,metallic-foil-business-cards_1.webp,
4,26,booklets,booklets-100lb-silk-text-8-5-x-5-5_1.jpg,
3,60,coroplast,8mm-coroplast.png,
4,12,specialty_postcards,kraft-paper-postcards_4.webp,
1,1,standard_business_cards,business-cards-18pt-gloss-lamination_1.webp,
4,27,Digital-sheets,digital-sheets-80lb-enviro-uncoated_1.jpg,
3,58,table_covers,table-covers-6-ft-table_2.png,dbe8f182-3f69-48f2-1adb-7633879d9700
3,58,table_covers,table-covers-6-ft-table_2.png,cd99eaa3-d29a-4491-27d5-1e11ff99ed00
4,50,number_tickets,banners-13oz-glossy-vinyl_1.webp,
2,120,roll_labels,paper-roll-labels_1.webp,cd862046-4969-439b-231f-88a3a252ed00
2,120,roll_labels,willowpack-roll-labels_1.webp,bd3e3239-f9f7-46bf-b29e-2503368a6c00
3,61,removable_wall_decals,removable-wall-decals-7-mil_4.jpg,ff85b54f-3848-4953-2bed-a4ef34d46900
3,61,removable_wall_decals,removable-wall-decals-7-mil_4.jpg,e1e50fc1-aa8e-45a9-1c81-2f0081795d00
3,61,removable_wall_decals,removable-wall-decals-7-mil_4.jpg,c2a0e0f8-f04c-4943-b3b2-e56f8fc68f00
3,61,removable_wall_decals,removable-wall-decals-7-mil_4.jpg,2a41b602-0408-4715-6d5b-a001aa265e00
4,50,number_tickets,banners-13oz-matte-vinyl_1.jpg,
4,29,presentation_folders,presentation-folders-14pt-matte-finish_1.png,b3127783-4832-4fa4-f92f-bb98016d9400
4,6,cut_to_shape_magnets,cut-to-shape-magnets-30mil_1.webp,
1,1,standard_business_cards,business-cards-14pt-uv-high-gloss_1.png,
4,19,standard_tear_cards,tear-cards-13pt-enviro-uncoated_1.jpg,
4,26,booklets,booklets-100lb-silk-text-8-5-x-5-5_1.jpg,
1,2,specialty_business-cards,soft-touch-business-cards_1.png,89e64543-8366-46ea-ce1a-d071ac92a000
4,12,specialty_postcards,pearl-paper-postcards_1.webp,36fd2b6b-3ca0-4e6d-21f4-1c5208d2ee00
4,16,standard_bookmark,bookmark-10pt-matte-finish_1.webp,
4,2,wall_calendars,wall-calendars-100lb-gloss-text_1.webp,28750cd8-7d78-43cf-832c-0361c8628500
4,2,wall_calendars,wall-calendars-100lb-gloss-text_1.webp,38bbb570-dfd9-4c83-a679-20d06d488d00
4,11,standard_postcards,postcards-10pt-aq_1.webp,e7dd8fa7-c250-45b5-3976-d122db933e00
7,100,envelopes,envelopes-60lb-uncoated_1.webp,
3,51,pull_up_banners,table-top-pull-up-banner-13-oz-matte-vinyl_1.png,bb3203dd-ad43-4387-32c8-f0caaa4c8e00
4,6,cut_to_shape_magnets,cut-to-shape-magnets-30mil_2.webp,
3,58,table_covers,table-covers-8-ft-table_1.png,ce28b598-515c-4b12-b725-7756cfa05500
3,58,table_covers,table-covers-8-ft-table_1.png,3a8268bf-f509-44f3-370e-00dfd6b74d00
4,30,Canvas,canvas-roll_1.webp,
4,29,presentation_folders,presentation-folders-14pt-uv-high-gloss_1.png,a7b2e2b4-7b01-4bcf-d8de-921c59cb4e00
1,1,standard_business_cards,business-cards-14pt-aq_1.png,
4,18,Standard-rack-cards,matte-laminated-rack-cards_1.png,
4,16,standard_bookmark,bookmark-16pt-uv_1.webp,
2,121,packaging,stand-up-pouch_1.png,84e997f3-c805-4084-0613-36d82c599200
4,22,brochures,brochures-80lb-enviro-uncoated_1.png,
4,10,specialty_greeting_cards,greeting-cards-14pt-writable-aq-c1s_1.webp,
3,63,floor_graphics,social-distancing-floor-stickers_1.png,e24fd527-ea23-40dc-cc12-246be5087600
4,18,Standard-rack-cards,uncoated-rack-cards_1.png,3e00fc51-da5c-4504-625c-9e4684da1b00
3,62,3mm-sintra,3mm-sintra_1.jpg,
1,2,specialty_business-cards,die-cut-business-cards_2.webp,
1,2,specialty_business-cards,business-cards-18pt-writable-c1s_1.webp,
7,101,envelopes,letterheads-60lb-uncoated_2.webp,
4,11,standard_postcards,postcards-16pt-aq_1.webp,e8d41607-23d9-45ec-4a4a-57c633c2ac00
4,32,clings_transparent,clings-transparent_1.jpg,
4,13,Postcard-addressed-postage-due,postcard-addressed-postage-due_1.png,4143bc51-32f7-439c-df00-bf66cab55600
3,58,table_covers,table-runner_1.png,41b95048-9100-44ec-28f9-549d6f1a7400
1,2,specialty_business-cards,business-cards-18pt-matte-silk-lamination_1.webp,
7,101,envelopes,letterheads-60lb-uncoated_1.webp,
4,26,booklets,booklets-100lb-gloss-text-8-5-x-5-5_1.jpg,
1,1,standard_business_cards,business-cards-16pt-matte-finish_1.png,
3,50,banners,mesh-banner-8oz-polyester-mesh_1.webp,
3,60,coroplast,4mm-coroplast-canadian.png,
4,4,standard_invitations,invitations-14pt-writable-aq-c1s_1.png,
4,23,Brochure-enveloped-and-addressed-postage-due,brochure-enveloped-and-addressed-postage-due_1.png,
4,21,door_hangers,door-hangers-14pt-uv-high-gloss_1.webp,
4,17,specialty_bookmark,bookmark-13pt-linen-uncoated_1.webp,
3,59,car-magnets-30mil,car-magnets-30mil_2.webp,
1,2,specialty_business-cards,kraft-business-cards_2.webp,
4,34,tent_cards,tent-cards-14pt-matte-finish_2.webp,b5809a56-e2bb-4d9a-2343-65951050be00
4,34,tent_cards,tent-cards-14pt-matte-finish_2.webp,add341d4-ecf2-413c-88e6-8403af194400
4,34,tent_cards,tent-cards-14pt-matte-finish_2.webp,4caebfdf-6d58-4a3f-027f-b1e1f3860e00
4,34,tent_cards,tent-cards-14pt-matte-finish_2.webp,d5257674-5e45-48be-6a5a-07d53a080a00
4,34,tent_cards,tent-cards-14pt-matte-finish_2.webp,549290e9-8025-4430-1175-eab53ec64e00
4,10,specialty_greeting_cards,metallic-foil-greeting-cards_4.webp,4d33daa5-d439-4433-e6e3-9eaa44b65c00
4,10,specialty_greeting_cards,metallic-foil-greeting-cards_4.webp,5885dd33-cffd-476c-fbfd-b3932ffc9700
4,65,glossy_adhesive_vinyl,glossy-adhesive-vinyl_1.jpg,
4,13,Postcard-addressed-postage-due,postcard-addressed-postage-included_1.png,ddbbcf01-42a8-46b6-bdca-42c5d17f7800
3,51,pull_up_banners,premium-pull-up-banners-13oz-matte-vinyl_1.png,feb28379-4f53-4689-5cc6-3e378c7ca900
7,100,envelopes,envelopes-60lb-self-adhesive_1.webp,
4,17,specialty_bookmark,bookmark-13pt-enviro-uncoated_1.webp,
4,12,specialty_postcards,durable-postcards_1.webp,
4,11,standard_postcards,postcards-14pt-uv_1.webp,511c7afc-9c66-4826-e342-dac92b73fc00
3,62,3mm-sintra,3mm-sintra_5.png,
3,51,pull_up_banners,double-sided-pull-up-banners-13-oz-matte-vinyl_1.png,
4,19,standard_tear_cards,tear-cards-14pt-matte-finish_1.png,86533fbd-8284-4a27-79ff-cc3afc226b00
3,67,window_perforated_vinyl,window-perforated-vinyl_2.webp,525df64c-a2f1-4bc2-8777-2c6088c45100
3,67,window_perforated_vinyl,window-perforated-vinyl_2.webp,c368936a-6e86-4215-40de-4d25cc97fb00
4,16,standard_bookmark,bookmark-16pt-uv_1.webp,
4,17,specialty_bookmark,bookmark-13pt-linen-uncoated_1.webp,
1,2,specialty_business-cards,business-cards-14pt-writable-uv-c1s_1.webp,
4,34,tent_cards,tent-cards-14pt-matte-finish_1.jpg,b5809a56-e2bb-4d9a-2343-65951050be00
4,34,tent_cards,tent-cards-14pt-matte-finish_1.jpg,add341d4-ecf2-413c-88e6-8403af194400
4,34,tent_cards,tent-cards-14pt-matte-finish_1.jpg,4caebfdf-6d58-4a3f-027f-b1e1f3860e00
4,34,tent_cards,tent-cards-14pt-matte-finish_1.jpg,d5257674-5e45-48be-6a5a-07d53a080a00
4,34,tent_cards,tent-cards-14pt-matte-finish_1.jpg,549290e9-8025-4430-1175-eab53ec64e00
4,15,Unaddressed-postcard,unaddressed-postcard_1.png,54b0f83b-f27d-45bd-fa21-a85d0589f000
4,11,standard_postcards,postcards-16pt-matte-finish_1.webp,b20fed02-b98d-4a9f-4652-407fc0fc1400
4,14,postcard-enveloped-and-addressed-postage-included,postcard-enveloped-and-addressed-postage-included_1.png,5638f768-818e-4c34-9cda-65d48e710200
3,61,removable_wall_decals,removable-wall-decals-7-mil_3.png,ff85b54f-3848-4953-2bed-a4ef34d46900
3,61,removable_wall_decals,removable-wall-decals-7-mil_3.png,e1e50fc1-aa8e-45a9-1c81-2f0081795d00
3,61,removable_wall_decals,removable-wall-decals-7-mil_3.png,c2a0e0f8-f04c-4943-b3b2-e56f8fc68f00
3,61,removable_wall_decals,removable-wall-decals-7-mil_3.png,2a41b602-0408-4715-6d5b-a001aa265e00
4,21,door_hangers,door-hangers-14pt-matte-finish_1.webp,
3,63,floor_graphics,floor-graphics_1.png,
1,2,specialty_business-cards,kraft-business-cards_2.webp,
4,10,specialty_greeting_cards,metallic-foil-greeting-cards_4.webp,4d33daa5-d439-4433-e6e3-9eaa44b65c00
4,10,specialty_greeting_cards,metallic-foil-greeting-cards_4.webp,5885dd33-cffd-476c-fbfd-b3932ffc9700
4,10,specialty_greeting_cards,metallic-foil-greeting-cards_3.webp,4d33daa5-d439-4433-e6e3-9eaa44b65c00
4,10,specialty_greeting_cards,metallic-foil-greeting-cards_3.webp,5885dd33-cffd-476c-fbfd-b3932ffc9700
4,5,wall_calendars,wall-calendars-100lb-gloss-text_1.webp,28750cd8-7d78-43cf-832c-0361c8628500
4,5,wall_calendars,wall-calendars-100lb-gloss-text_1.webp,38bbb570-dfd9-4c83-a679-20d06d488d00
4,16,standard_bookmark,bookmark-14pt-matte-finish_1.webp,
4,27,Digital-sheets,digital-sheets-100lb-matte-finish_1.jpg,
4,18,Standard-rack-cards,high-gloss-rack-cards_1.jpg,
4,12,specialty_postcards,postcards-14pt-writable-uv-c1s_1.webp,1607ced8-0c45-43a9-2790-b13e94695b00
1,2,specialty_business-cards,kraft-business-cards_1.webp,
4,9,standard_greeting_cards,greeting-cards-14pt-matte-finish_1.webp,
4,35,notepads_50_pages,notepads-60lb-uncoated-50-pages_1.webp,5e3497f8-2acb-48e5-9a2c-b5a89715a900
1,2,specialty_business-cards,kraft-business-cards_1.webp,
4,29,presentation_folders,presentation-folders-matte-laminated_1.png,5eba008d-6470-478c-4b09-83f7f74a5200
4,13,Postcard-addressed-postage-due,postcard-addressed-postage-due_1.png,4143bc51-32f7-439c-df00-bf66cab55600
4,19,standard_tear_cards,tear-cards-13pt-enviro-uncoated_1.jpg,
4,10,specialty_greeting_cards,greeting-cards-13pt-enviro-uncoated_1.webp,
4,26,booklets,booklets-60lb-offset-text-8-5-x-5-5_1.jpg,
4,26,booklets,booklets-80lb-gloss-text-8-5-x-5-5_1.jpg,
4,35,notepads_50_pages,notepads-60lb-uncoated-50-pages_1.webp,5e3497f8-2acb-48e5-9a2c-b5a89715a900
4,8,specialty_flyers,flyers-80lb-enviro-uncoated_1.webp,
2,120,roll_labels,bopp-roll-labels_1.webp,
3,60,removable_wall_decals,10mm-coroplast_2.png,
4,25,magnets,magnets-14pt_4.webp,
4,12,specialty_postcards,kraft-paper-postcards_4.webp,
3,60,removable_wall_decals,quick-ship-coroplast-signs_4.png,c2850467-0051-4673-2906-1dfbd0897b00
3,60,removable_wall_decals,quick-ship-coroplast-signs_4.png,ad380970-3c76-4c7f-413e-d190e1dc3900
3,60,removable_wall_decals,quick-ship-coroplast-signs_4.png,db01299f-d597-467b-3e14-c13276547600
3,60,removable_wall_decals,quick-ship-coroplast-signs_4.png,c4b6ef9f-2538-4437-6b8c-3d44ddff9100
3,60,removable_wall_decals,quick-ship-coroplast-signs_4.png,93d2a5e6-fe99-4c49-92de-cd3fdedf8700
4,14,postcard-enveloped-and-addressed-postage-included,postcard-enveloped-and-addressed-postage-included_1.png,5638f768-818e-4c34-9cda-65d48e710200
4,22,brochures,brochures-100lb-uv-high-gloss_1.png,
4,26,booklets,booklets-60lb-offset-text-8-5-x-5-5_1.jpg,
4,10,specialty_greeting_cards,metallic-foil-greeting-cards_1.webp,4d33daa5-d439-4433-e6e3-9eaa44b65c00
4,10,specialty_greeting_cards,metallic-foil-greeting-cards_1.webp,5885dd33-cffd-476c-fbfd-b3932ffc9700
3,60,removable_wall_decals,4mm-coroplast-yard-signs_1.png,
4,26,booklets,booklets-80lb-silk-text-8-5-x-11_1.png,
1,2,specialty_business-cards,business-cards-14pt-writable-aq-c1s_1.webp,
4,17,specialty_bookmark,bookmark-14pt-writable-uv-c1s_1.webp,
7,100,envelopes,security-envelopes-60lb-uncoated_1.webp,6e1b979f-025d-4d18-da2d-05c73f4ec100
3,51,pull_up_banners,premium-wide-pull-up-banners-13-oz-matte-vinyl_1.png,701bdaad-4ee9-4806-1d49-d92b96c67000
4,25,magnets,magnets-14pt_1.webp,
4,9,standard_greeting_cards,greeting-cards-14pt-uv-high-gloss_1.webp,
4,12,specialty_postcards,postcards-13pt-linen-uncoated_1.webp,1b2d9eab-3a83-49c3-f704-b82ae8c55100
4,27,Digital-sheets,digital-sheets-14pt-matte-finish_1.jpg,
4,10,specialty_greeting_cards,greeting-cards-13pt-enviro-uncoated_1.webp,
1,2,specialty_business-cards,metallic-foil-business-cards_2.webp,
1,2,specialty_business-cards,durable-business-cards_1.webp,
4,12,specialty_postcards,pearl-paper-postcards_1.webp,36fd2b6b-3ca0-4e6d-21f4-1c5208d2ee00
4,12,specialty_postcards,metallic-foil-postcards_2.webp,77ae0db1-d7b8-45f0-8252-af6edce6a300
4,12,specialty_postcards,metallic-foil-postcards_2.webp,9b1b27cc-7f46-4f93-e160-4d3a7ae86100
4,3,specialty_invitations,pearl-paperl-invitations_1.png,7827d781-b3ea-4445-7066-62c1d4411800
4,10,specialty_greeting_cards,greeting-cards-14pt-writable-uv-c1s_1.webp,
4,4,standard_invitations,invitations-14pt-writable-aq-c1s_1.png,
4,16,standard_bookmark,bookmark-10pt-matte-finish_1.webp,
4,10,specialty_greeting_cards,metallic-foil-greeting-cards_2.webp,4d33daa5-d439-4433-e6e3-9eaa44b65c00
4,10,specialty_greeting_cards,metallic-foil-greeting-cards_2.webp,5885dd33-cffd-476c-fbfd-b3932ffc9700
4,25,magnets,magnets-14pt_3.webp,
4,4,standard_invitations,invitations-14pt-matte-finish_1.png,
4,10,specialty_greeting_cards,kraft-paper-greeting-cards_2.webp,
4,26,booklets,booklets-80lb-silk-text-8-5-x-5-5_1.jpg,
4,28,variable_printing,variable-printing-14pt_1.jpg,eefdf437-bed3-4468-f228-97e6f4ed0000
4,27,Standard-rack-cards,digital-sheets-13pt-enviro-uncoated_1.jpg,
4,20,posters,posters-80lb-enviro-uncoated_1.webp,e399a14d-16c7-450f-14fa-c5a98e289600
3,66,large-format-posters,large-format-posters-8pt-c2s_1.webp,
3,67,window_perforated_vinyl,window-perforated-vinyl_1.jpg,525df64c-a2f1-4bc2-8777-2c6088c45100
3,67,window_perforated_vinyl,window-perforated-vinyl_1.jpg,c368936a-6e86-4215-40de-4d25cc97fb00
2,122,stickers,60lb-slit-back-label-stickers_1.png,
3,60,removable_wall_decals,removable-wall-decals-7-mil_2.jpg,ff85b54f-3848-4953-2bed-a4ef34d46900
3,60,removable_wall_decals,removable-wall-decals-7-mil_2.jpg,e1e50fc1-aa8e-45a9-1c81-2f0081795d00
3,60,removable_wall_decals,removable-wall-decals-7-mil_2.jpg,c2a0e0f8-f04c-4943-b3b2-e56f8fc68f00
3,60,removable_wall_decals,removable-wall-decals-7-mil_2.jpg,2a41b602-0408-4715-6d5b-a001aa265e00
4,30,Canvas,canvas-roll_1.webp,
1,2,specialty_business-cards,folded-business-cards-13pt-enviro-uncoated_1.jpg,
4,4,standard_invitations,invitations-14pt-aq_1.png,
1,1,standard_business_cards,quick-ship-business-cards_1.png,e13479be-444b-4c40-0579-6bf38d78f800
1,1,standard_business_cards,business-cards-14pt-matte-finish_1.webp,
4,22,brochures,brochures-100lb-gloss-text_1.png,
4,10,specialty_greeting_cards,metallic-foil-greeting-cards_1.webp,4d33daa5-d439-4433-e6e3-9eaa44b65c00
4,10,specialty_greeting_cards,metallic-foil-greeting-cards_1.webp,5885dd33-cffd-476c-fbfd-b3932ffc9700
3,66,large-format-posters,large-format-posters-8pt-c2s_1.webp,
3,52,x_frame_banners,x-frame-banners-13oz-matte-vinyl_1.jpg,140ada96-a76d-4aba-d5a1-4bef7b3f8b00
3,52,x_frame_banners,x-frame-banners-13oz-matte-vinyl_1.jpg,81d01ba0-c56e-4446-1a74-92f419067e00
3,67,window_perforated_vinyl,window-perforated-vinyl_2.webp,525df64c-a2f1-4bc2-8777-2c6088c45100
3,67,window_perforated_vinyl,window-perforated-vinyl_2.webp,c368936a-6e86-4215-40de-4d25cc97fb00
3,51,pull_up_banners,pull-up-banners-13oz-matte-vinyl-blackbase-31-5-x-78-75_1.png,b0555943-58be-4abc-6174-9eb943075900
3,51,pull_up_banners,pull-up-banners-13oz-matte-vinyl-blackbase-31-5-x-78-75_1.png,8a31f66f-1920-4723-3d1e-4fd4c8a39f00
3,51,pull_up_banners,pull-up-banners-13oz-matte-vinyl-blackbase-31-5-x-78-75_1.png,ea5988ef-dc28-4f9e-41fa-993918f62d00
3,51,pull_up_banners,pull-up-banners-13oz-matte-vinyl-blackbase-31-5-x-78-75_1.png,a3d2f6fa-19e6-4e73-bdca-867928b67200
1,1,standard_business_cards,business-cards-14pt-aq_1.png,
3,58,pull_up_banners,table-covers-8-ft-table_2.png,ce28b598-515c-4b12-b725-7756cfa05500
3,58,pull_up_banners,table-covers-8-ft-table_2.png,3a8268bf-f509-44f3-370e-00dfd6b74d00
3,60,coroplast,coroplast-group-1.png,
2,121,packaging,stand-up-pouch_1.png,84e997f3-c805-4084-0613-36d82c599200
1,2,specialty_business-cards,business-cards-13pt-enviro-uncoated_2.webp,
1,2,specialty_business-cards,ultra-smooth-business-cards_1.webp,f721662d-f8f9-49a9-e78f-eb933a8ecd00
4,19,standard_tear_cards,tear-cards-14pt-matte-finish_1.png,86533fbd-8284-4a27-79ff-cc3afc226b00
3,58,pull_up_banners,table-covers-6-ft-table_1.png,dbe8f182-3f69-48f2-1adb-7633879d9700
3,58,pull_up_banners,table-covers-6-ft-table_1.png,cd99eaa3-d29a-4491-27d5-1e11ff99ed00
4,26,booklets,booklets-80lb-silk-text-8-5-x-5-5_1.jpg,
4,27,Standard-rack-cards,digital-sheets-13pt-enviro-uncoated_1.jpg,
4,10,specialty_greeting_cards,spot-uv-greeting-cards_1.png,887ba93e-5783-49c5-4ac1-36ccfb880100
3,60,coroplast,quick-ship-coroplast-signs_3.png,c2850467-0051-4673-2906-1dfbd0897b00
3,60,coroplast,quick-ship-coroplast-signs_3.png,ad380970-3c76-4c7f-413e-d190e1dc3900
3,60,coroplast,quick-ship-coroplast-signs_3.png,db01299f-d597-467b-3e14-c13276547600
3,60,coroplast,quick-ship-coroplast-signs_3.png,c4b6ef9f-2538-4437-6b8c-3d44ddff9100
3,60,coroplast,quick-ship-coroplast-signs_3.png,93d2a5e6-fe99-4c49-92de-cd3fdedf8700
3,69,display_board_24pt,display-board-24pt_1.jpg,
1,2,specialty_business-cards,soft-touch-business-cards_1.png,89e64543-8366-46ea-ce1a-d071ac92a000
3,51,pull_up_banners,pull-up-banners-13oz-matte-vinyl-blackbase-31-5-x-78-75_3.jpg,b0555943-58be-4abc-6174-9eb943075900
3,51,pull_up_banners,pull-up-banners-13oz-matte-vinyl-blackbase-31-5-x-78-75_3.jpg,8a31f66f-1920-4723-3d1e-4fd4c8a39f00
3,51,pull_up_banners,pull-up-banners-13oz-matte-vinyl-blackbase-31-5-x-78-75_3.jpg,ea5988ef-dc28-4f9e-41fa-993918f62d00
3,51,pull_up_banners,pull-up-banners-13oz-matte-vinyl-blackbase-31-5-x-78-75_3.jpg,a3d2f6fa-19e6-4e73-bdca-867928b67200
4,6,cut_to_shape_magnets,cut-to-shape-magnets-30mil_1.webp,
1,2,specialty_business-cards,die-cut-business-cards_3.webp,
4,5,wall_calendars,wall-calendars-80lb-gloss-text_1.webp,a1e8beae-3768-443d-1934-7eba797fd000
4,16,standard_bookmark,bookmark-18pt-gloss-lamination_1.webp,
4,11,standard_postcards,postcards-14pt-matte-finish_1.webp,a822ca3d-f65e-41e6-a422-cd571629d500
4,10,specialty_greeting_cards,pearl-paper-greeting-cards_2.webp,a7d6a830-a751-4248-fe79-f8c906036400
4,10,specialty_greeting_cards,pearl-paper-greeting-cards_2.webp,d0c6fb86-7e33-48a0-0299-957ea5237200
4,7,standard_flyers,flyers-100lb-gloss-text_1.png,
4,32,clings_transparent,clings-transparent_2.jpg,
4,34,tent_cards,tent-cards-14pt-matte-finish_1.jpg,b5809a56-e2bb-4d9a-2343-65951050be00
4,34,tent_cards,tent-cards-14pt-matte-finish_1.jpg,add341d4-ecf2-413c-88e6-8403af194400
4,34,tent_cards,tent-cards-14pt-matte-finish_1.jpg,4caebfdf-6d58-4a3f-027f-b1e1f3860e00
4,34,tent_cards,tent-cards-14pt-matte-finish_1.jpg,d5257674-5e45-48be-6a5a-07d53a080a00
4,34,tent_cards,tent-cards-14pt-matte-finish_1.jpg,549290e9-8025-4430-1175-eab53ec64e00
2,122,stickers,60lb-slit-back-label-stickers_1.png,
2,121,packaging,lay-flat-pouch_1.png,
3,60,coroplast,10mm-coroplast_2.png,
4,10,specialty_greeting_cards,kraft-paper-greeting-cards_3.webp,
3,60,coroplast,4mm-coroplast-yard-signs_1.png,
4,11,standard_postcards,postcards-10pt-matte-finish_1.webp,8f682113-5751-4f18-205d-6300ec26c700
4,6,cut_to_shape_magnets,cut-to-shape-magnets-20mil_3.webp,
4,7,specialty_flyers,flyers-70lb-linen-uncoated_1.jpg,
4,10,specialty_greeting_cards,metallic-foil-greeting-cards_2.webp,4d33daa5-d439-4433-e6e3-9eaa44b65c00
4,10,specialty_greeting_cards,metallic-foil-greeting-cards_2.webp,5885dd33-cffd-476c-fbfd-b3932ffc9700
4,32,clings_transparent,clings-transparent_1.jpg,
1,1,specialty_business-cards,business-cards-14pt-profit-maximizer_1.webp,
3,50,banners,banners-13oz-matte-vinyl_1.jpg,
4,29,presentation_folders,presentation-folders-matte-laminated_1.png,5eba008d-6470-478c-4b09-83f7f74a5200
4,12,specialty_postcards,postcard-18pt-matte-lam-spot-uv_1.webp,d4c12bdf-4211-429d-ab6d-761c8fd76500
4,32,clings_transparent,clings-transparent_2.jpg,
3,57,3mm-aluminum-signs_1,3mm-aluminum-signs_1.png,
4,9,standard_greeting_cards,greeting-cards-14pt-matte-finish_1.webp,
3,60,coroplast,quick-ship-coroplast-signs_1.png,c2850467-0051-4673-2906-1dfbd0897b00
3,60,coroplast,quick-ship-coroplast-signs_1.png,ad380970-3c76-4c7f-413e-d190e1dc3900
3,60,coroplast,quick-ship-coroplast-signs_1.png,db01299f-d597-467b-3e14-c13276547600
3,60,coroplast,quick-ship-coroplast-signs_1.png,c4b6ef9f-2538-4437-6b8c-3d44ddff9100
3,60,coroplast,quick-ship-coroplast-signs_1.png,93d2a5e6-fe99-4c49-92de-cd3fdedf8700
1,2,specialty_business-cards,32pt-painted-edge-business-cards_1.png,
1,2,specialty_business-cards,business-cards-13pt-enviro-uncoated_1.webp,
4,17,specialty_bookmark,bookmark-18pt-matte-silk-lamination_1.webp,
1,2,specialty_business-cards,business-cards-13pt-linen-uncoated_1.webp,
1,2,specialty_business-cards,metallic-foil-business-cards_3.webp,
3,68,h_stands,h-stand-for-signs_1.jpg,
4,34,tent_cards,tent-cards-14pt-matte-finish_3.webp,b5809a56-e2bb-4d9a-2343-65951050be00
4,34,tent_cards,tent-cards-14pt-matte-finish_3.webp,add341d4-ecf2-413c-88e6-8403af194400
4,34,tent_cards,tent-cards-14pt-matte-finish_3.webp,4caebfdf-6d58-4a3f-027f-b1e1f3860e00
4,34,tent_cards,tent-cards-14pt-matte-finish_3.webp,d5257674-5e45-48be-6a5a-07d53a080a00
4,34,tent_cards,tent-cards-14pt-matte-finish_3.webp,549290e9-8025-4430-1175-eab53ec64e00
4,26,booklets,booklets-80lb-gloss-text-8-5-x-11_1.jpg,
4,9,standard_greeting_cards,greeting-cards-14pt-aq_1.webp,
4,11,standard_postcards,postcards-18pt-gloss-lamination_1.webp,1e5c709d-c44d-4b82-6ecb-c4d1e9f5b300
4,12,specialty_postcards,postcards-18pt-matte-silk-lamination_1.webp,9ae3bd32-f2a1-4d8c-47e0-9d333bfe8f00
6,150,sample_pack,profit-pak-samples_1.png,9ae9ade7-8f73-4be6-683b-31c69c218600
4,12,specialty_postcards,metallic-foil-postcards_1.webp,77ae0db1-d7b8-45f0-8252-af6edce6a300
4,12,specialty_postcards,metallic-foil-postcards_1.webp,9b1b27cc-7f46-4f93-e160-4d3a7ae86100
4,37,number_tickets,numbered-tickets-14pt_1.png,9b24c8e5-2901-480f-d775-f0269eac6b00
3,62,3mm-sintra,3mm-sintra_1.jpg,
3,60,coroplast,quick-ship-coroplast-signs_1.png,c2850467-0051-4673-2906-1dfbd0897b00
3,60,coroplast,quick-ship-coroplast-signs_1.png,ad380970-3c76-4c7f-413e-d190e1dc3900
3,60,coroplast,quick-ship-coroplast-signs_1.png,db01299f-d597-467b-3e14-c13276547600
3,60,coroplast,quick-ship-coroplast-signs_1.png,c4b6ef9f-2538-4437-6b8c-3d44ddff9100
3,60,coroplast,quick-ship-coroplast-signs_1.png,93d2a5e6-fe99-4c49-92de-cd3fdedf8700
1,2,specialty_business-cards,32pt-painted-edge-business-cards_2.jpg,
4,29,presentation_folders,presentation-folders-14pt-metallic-foil_1.png,9bc5f03d-9e7e-4d0a-e5f4-b6cdcd998700
4,18,presentation_folders,uncoated-rack-cards_1.png,3e00fc51-da5c-4504-625c-9e4684da1b00
4,12,specialty_postcards,metallic-foil-postcards_1.webp,77ae0db1-d7b8-45f0-8252-af6edce6a300
4,12,specialty_postcards,metallic-foil-postcards_1.webp,9b1b27cc-7f46-4f93-e160-4d3a7ae86100
1,2,specialty_business-cards,folded-business-cards-13pt-enviro-uncoated_1.jpg,
4,4,standard_invitations,invitations-14pt-uv-high-gloss_1.png,
4,34,tent_cards,tent-cards-14pt-matte-finish_2.webp,b5809a56-e2bb-4d9a-2343-65951050be00
4,34,tent_cards,tent-cards-14pt-matte-finish_2.webp,add341d4-ecf2-413c-88e6-8403af194400
4,34,tent_cards,tent-cards-14pt-matte-finish_2.webp,4caebfdf-6d58-4a3f-027f-b1e1f3860e00
4,34,tent_cards,tent-cards-14pt-matte-finish_2.webp,d5257674-5e45-48be-6a5a-07d53a080a00
4,34,tent_cards,tent-cards-14pt-matte-finish_2.webp,549290e9-8025-4430-1175-eab53ec64e00
4,26,booklets,booklets-100lb-silk-text-8-5-x-11_1.jpg,
6,150,sample_pack,profit-pak-samples_1.png,9ae9ade7-8f73-4be6-683b-31c69c218600
4,5,wall_calendars,wall-calendars-80lb-gloss-text_1.webp,a1e8beae-3768-443d-1934-7eba797fd000
4,13,Postcard-addressed-postage-due,postcard-enveloped-and-addressed-postage-due_1.png,c31a5807-1eb8-411d-f986-e2664b70a900
1,2,specialty_business-cards,pearl-business-cards_1.webp,08ac0896-7280-4043-0045-6ccf6738dc00
4,10,specialty_greeting_cards,greeting-cards-14pt-writable-uv-c1s_1.webp,
3,64,20pt_styrene,20pt-styrene_1.jpg,
3,51,pull_up_banners,pull-up-banners-13oz-matte-vinyl-blackbase-31-5-x-78-75_1.png,b0555943-58be-4abc-6174-9eb943075900
3,51,pull_up_banners,pull-up-banners-13oz-matte-vinyl-blackbase-31-5-x-78-75_1.png,8a31f66f-1920-4723-3d1e-4fd4c8a39f00
3,51,pull_up_banners,pull-up-banners-13oz-matte-vinyl-blackbase-31-5-x-78-75_1.png,ea5988ef-dc28-4f9e-41fa-993918f62d00
3,51,pull_up_banners,pull-up-banners-13oz-matte-vinyl-blackbase-31-5-x-78-75_1.png,a3d2f6fa-19e6-4e73-bdca-867928b67200
1,2,specialty_business-cards,32pt-painted-edge-business-cards_2.jpg,
1,2,specialty_business-cards,kraft-business-cards_3.webp,
4,26,booklets,booklets-100lb-silk-text-8-5-x-11_1.jpg,
4,26,booklets,booklets-60lb-offset-text-8-5-x-11_1.jpg,
4,21,door_hangers,door-hangers-14pt-uv-high-gloss_1.webp,
4,29,presentation_folders,presentation-folders-14pt-uv-high-gloss_1.png,a7b2e2b4-7b01-4bcf-d8de-921c59cb4e00
4,10,specialty_greeting_cards,pearl-paper-greeting-cards_2.webp,a7d6a830-a751-4248-fe79-f8c906036400
4,10,specialty_greeting_cards,pearl-paper-greeting-cards_2.webp,d0c6fb86-7e33-48a0-0299-957ea5237200
4,11,standard_postcards,postcards-14pt-matte-finish_1.webp,a822ca3d-f65e-41e6-a422-cd571629d500
3,51,pull_up_banners,pull-up-banners-13oz-matte-vinyl-blackbase-31-5-x-78-75_3.jpg,b0555943-58be-4abc-6174-9eb943075900
3,51,pull_up_banners,pull-up-banners-13oz-matte-vinyl-blackbase-31-5-x-78-75_3.jpg,8a31f66f-1920-4723-3d1e-4fd4c8a39f00
3,51,pull_up_banners,pull-up-banners-13oz-matte-vinyl-blackbase-31-5-x-78-75_3.jpg,ea5988ef-dc28-4f9e-41fa-993918f62d00
3,51,pull_up_banners,pull-up-banners-13oz-matte-vinyl-blackbase-31-5-x-78-75_3.jpg,a3d2f6fa-19e6-4e73-bdca-867928b67200
3,60,coroplast,10mm-coroplast_1.png,
4,34,tent_cards,tent-cards-14pt-matte-finish_4.webp,b5809a56-e2bb-4d9a-2343-65951050be00
4,34,tent_cards,tent-cards-14pt-matte-finish_4.webp,add341d4-ecf2-413c-88e6-8403af194400
4,34,tent_cards,tent-cards-14pt-matte-finish_4.webp,4caebfdf-6d58-4a3f-027f-b1e1f3860e00
4,34,tent_cards,tent-cards-14pt-matte-finish_4.webp,d5257674-5e45-48be-6a5a-07d53a080a00
4,34,tent_cards,tent-cards-14pt-matte-finish_4.webp,549290e9-8025-4430-1175-eab53ec64e00
1,1,standard_business_cards,business-cards-16pt-aq_1.webp,
3,62,3mm-sintra,3mm-sintra_4.png,
4,27,Digital-sheets,digital-sheets-100lb-matte-finish_1.jpg,
3,62,3mm-sintra,3mm-sintra_2.png,
4,24,Brochure-enveloped-and-addressed-postage-included,brochure-enveloped-and-addressed-postage-included_1.png,
4,6,cut_to_shape_magnets,cut-to-shape-magnets-20mil_3.webp,
3,60,coroplast,quick-ship-coroplast-signs_4.png,c2850467-0051-4673-2906-1dfbd0897b00
3,60,coroplast,quick-ship-coroplast-signs_4.png,ad380970-3c76-4c7f-413e-d190e1dc3900
3,60,coroplast,quick-ship-coroplast-signs_4.png,db01299f-d597-467b-3e14-c13276547600
3,60,coroplast,quick-ship-coroplast-signs_4.png,c4b6ef9f-2538-4437-6b8c-3d44ddff9100
3,60,coroplast,quick-ship-coroplast-signs_4.png,93d2a5e6-fe99-4c49-92de-cd3fdedf8700
4,34,tent_cards,tent-cards-14pt-matte-finish_3.webp,b5809a56-e2bb-4d9a-2343-65951050be00
4,34,tent_cards,tent-cards-14pt-matte-finish_3.webp,add341d4-ecf2-413c-88e6-8403af194400
4,34,tent_cards,tent-cards-14pt-matte-finish_3.webp,4caebfdf-6d58-4a3f-027f-b1e1f3860e00
4,34,tent_cards,tent-cards-14pt-matte-finish_3.webp,d5257674-5e45-48be-6a5a-07d53a080a00
4,34,tent_cards,tent-cards-14pt-matte-finish_3.webp,549290e9-8025-4430-1175-eab53ec64e00
1,2,specialty_business-cards,die-cut-business-cards_2.webp,
1,2,specialty_business-cards,folded-business-cards-14pt-matte-finish_1.jpg,
4,19,standard_tear_cards,tear-cards-14pt-uv_1.jpg,aea25408-e3d1-4c91-8854-20a6c6b2b100
4,10,specialty_greeting_cards,kraft-paper-greeting-cards_1.webp,
4,51,pull_up_banners,pull-up-banners-13oz-matte-vinyl-blackbase-31-5-x-78-75_4.png,b0555943-58be-4abc-6174-9eb943075900
4,51,pull_up_banners,pull-up-banners-13oz-matte-vinyl-blackbase-31-5-x-78-75_4.png,8a31f66f-1920-4723-3d1e-4fd4c8a39f00
4,51,pull_up_banners,pull-up-banners-13oz-matte-vinyl-blackbase-31-5-x-78-75_4.png,ea5988ef-dc28-4f9e-41fa-993918f62d00
4,51,pull_up_banners,pull-up-banners-13oz-matte-vinyl-blackbase-31-5-x-78-75_4.png,a3d2f6fa-19e6-4e73-bdca-867928b67200
1,2,specialty_business-cards,folded-business-cards-14pt-matte-finish_1.jpg,
4,20,posters,posters-100lb-uv-high-gloss_1.webp,e2a9a438-cb0b-44f3-5d32-0e1bd6117800
3,51,pull_up_banners,double-sided-pull-up-banners-13-oz-matte-vinyl_1.png,
4,11,standard_postcards,postcards-16pt-matte-finish_1.webp,b20fed02-b98d-4a9f-4652-407fc0fc1400
4,29,presentation_folders,presentation-folders-14pt-matte-finish_1.png,b3127783-4832-4fa4-f92f-bb98016d9400
1,2,specialty_business-cards,metallic-foil-business-cards_2.webp,
4,27,Digital-sheets,digital-sheets-100lb-gloss-text_1.jpg,
4,34,tent_cards,tent-cards-14pt-matte-finish_4.webp,b5809a56-e2bb-4d9a-2343-65951050be00
4,34,tent_cards,tent-cards-14pt-matte-finish_4.webp,add341d4-ecf2-413c-88e6-8403af194400
4,34,tent_cards,tent-cards-14pt-matte-finish_4.webp,4caebfdf-6d58-4a3f-027f-b1e1f3860e00
4,34,tent_cards,tent-cards-14pt-matte-finish_4.webp,d5257674-5e45-48be-6a5a-07d53a080a00
4,34,tent_cards,tent-cards-14pt-matte-finish_4.webp,549290e9-8025-4430-1175-eab53ec64e00
1,2,specialty_business-cards,die-cut-business-cards_1.webp,
3,51,pull_up_banners,pull-up-banners-13oz-matte-vinyl-blackbase-31-5-x-78-75_2.png,b0555943-58be-4abc-6174-9eb943075900
3,51,pull_up_banners,pull-up-banners-13oz-matte-vinyl-blackbase-31-5-x-78-75_2.png,8a31f66f-1920-4723-3d1e-4fd4c8a39f00
3,51,pull_up_banners,pull-up-banners-13oz-matte-vinyl-blackbase-31-5-x-78-75_2.png,ea5988ef-dc28-4f9e-41fa-993918f62d00
3,51,pull_up_banners,pull-up-banners-13oz-matte-vinyl-blackbase-31-5-x-78-75_2.png,a3d2f6fa-19e6-4e73-bdca-867928b67200
3,65,glossy_adhesive_vinyl,glossy-adhesive-vinyl_1.jpg,
2,121,packaging,supply-boxes_1.jpg,b88a362a-fb86-4f6c-6a1c-998039a8f500
4,4,standard_invitations,invitations-14pt-aq_1.png,
3,55,cut_shape_removable_decals,cut-to-shape-removable-decals_1.webp,
3,52,x_frame_banners,x-frame-banners-13oz-matte-vinyl_2.jpg,140ada96-a76d-4aba-d5a1-4bef7b3f8b00
3,52,x_frame_banners,x-frame-banners-13oz-matte-vinyl_2.jpg,81d01ba0-c56e-4446-1a74-92f419067e00
3,51,pull_up_banners,pull-up-banners-13oz-matte-vinyl-silverbase_1.png,baa9c8ee-47dc-4076-1945-f8915cbf9600
4,10,specialty_greeting_cards,pearl-paper-greeting-cards_1.webp,a7d6a830-a751-4248-fe79-f8c906036400
4,10,specialty_greeting_cards,pearl-paper-greeting-cards_1.webp,d0c6fb86-7e33-48a0-0299-957ea5237200
3,68,h_stands,h-stand-for-signs_1.jpg,
3,51,pull_up_banners,table-top-pull-up-banner-13-oz-matte-vinyl_1.png,bb3203dd-ad43-4387-32c8-f0caaa4c8e00
3,60,coroplast,quick-ship-coroplast-signs_5.png,c2850467-0051-4673-2906-1dfbd0897b00
3,60,coroplast,quick-ship-coroplast-signs_5.png,ad380970-3c76-4c7f-413e-d190e1dc3900
3,60,coroplast,quick-ship-coroplast-signs_5.png,db01299f-d597-467b-3e14-c13276547600
3,60,coroplast,quick-ship-coroplast-signs_5.png,c4b6ef9f-2538-4437-6b8c-3d44ddff9100
3,60,coroplast,quick-ship-coroplast-signs_5.png,93d2a5e6-fe99-4c49-92de-cd3fdedf8700
2,120,roll_labels,willowpack-roll-labels_1.webp,bd3e3239-f9f7-46bf-b29e-2503368a6c00
4,7,standard_flyers,flyers-100lb-matte-finish_1.png,
4,30,Canvas,canvas-roll_2.webp,
1,2,specialty_business-cards,business-cards-14pt-writable-aq-c1s_1.webp,
4,17,specialty_bookmark,bookmark-18pt-matte-lam-spot-uv_1.webp,
4,11,standard_postcards,postcards-14pt-aq_1.webp,0d69f118-83b2-4ee4-9d13-c6191c09f900
4,11,standard_postcards,postcards-14pt-uv_1.webp,511c7afc-9c66-4826-e342-dac92b73fc00
4,29,presentation_folders,presentation-folders-14pt-aq_1.png,c1a87e4b-e105-44f3-f439-156215e53800
4,6,cut_to_shape_magnets,cut-to-shape-magnets-20mil_2.webp,
4,36,Notepads_25_pages,notepads-60lb-uncoated-25-pages_1.webp,ccd643df-1151-4f63-876e-6b272f687e00
3,60,coroplast,quick-ship-coroplast-signs_5.png,c2850467-0051-4673-2906-1dfbd0897b00
3,60,coroplast,quick-ship-coroplast-signs_5.png,ad380970-3c76-4c7f-413e-d190e1dc3900
3,60,coroplast,quick-ship-coroplast-signs_5.png,db01299f-d597-467b-3e14-c13276547600
3,60,coroplast,quick-ship-coroplast-signs_5.png,c4b6ef9f-2538-4437-6b8c-3d44ddff9100
3,60,coroplast,quick-ship-coroplast-signs_5.png,93d2a5e6-fe99-4c49-92de-cd3fdedf8700
3,61,removable_wall_decals,removable-wall-decals-7-mil_2.jpg,ff85b54f-3848-4953-2bed-a4ef34d46900
3,61,removable_wall_decals,removable-wall-decals-7-mil_2.jpg,e1e50fc1-aa8e-45a9-1c81-2f0081795d00
3,61,removable_wall_decals,removable-wall-decals-7-mil_2.jpg,c2a0e0f8-f04c-4943-b3b2-e56f8fc68f00
3,61,removable_wall_decals,removable-wall-decals-7-mil_2.jpg,2a41b602-0408-4715-6d5b-a001aa265e00
3,59,car-magnets-30mil_2,car-magnets-30mil_1.webp,
4,13,standard_postcards,postcard-enveloped-and-addressed-postage-due_1.png,c31a5807-1eb8-411d-f986-e2664b70a900
3,67,window_perforated_vinyl,window-perforated-vinyl_1.jpg,525df64c-a2f1-4bc2-8777-2c6088c45100
3,67,window_perforated_vinyl,window-perforated-vinyl_1.jpg,c368936a-6e86-4215-40de-4d25cc97fb00
4,10,specialty_greeting_cards,metallic-foil-greeting-cards_3.webp,4d33daa5-d439-4433-e6e3-9eaa44b65c00
4,10,specialty_greeting_cards,metallic-foil-greeting-cards_3.webp,5885dd33-cffd-476c-fbfd-b3932ffc9700
3,60,coroplast,coroplast-group-1.png,
4,7,standard_flyers,flyers-100lb-gloss-text_1.png,
3,60,coroplast,quick-ship-coroplast-signs_2.png,c2850467-0051-4673-2906-1dfbd0897b00
3,60,coroplast,quick-ship-coroplast-signs_2.png,ad380970-3c76-4c7f-413e-d190e1dc3900
3,60,coroplast,quick-ship-coroplast-signs_2.png,db01299f-d597-467b-3e14-c13276547600
3,60,coroplast,quick-ship-coroplast-signs_2.png,c4b6ef9f-2538-4437-6b8c-3d44ddff9100
3,60,coroplast,quick-ship-coroplast-signs_2.png,93d2a5e6-fe99-4c49-92de-cd3fdedf8700
4,6,cut_to_shape_magnets,cut-to-shape-magnets-20mil_1.webp,
4,21,door_hangers,door-hangers-13pt-enviro-uncoated_1.png,
4,34,tent_cards,tent-cards-14pt-matte-finish_1.webp,b5809a56-e2bb-4d9a-2343-65951050be00
4,34,tent_cards,tent-cards-14pt-matte-finish_1.webp,add341d4-ecf2-413c-88e6-8403af194400
4,34,tent_cards,tent-cards-14pt-matte-finish_1.webp,4caebfdf-6d58-4a3f-027f-b1e1f3860e00
4,34,tent_cards,tent-cards-14pt-matte-finish_1.webp,d5257674-5e45-48be-6a5a-07d53a080a00
4,34,tent_cards,tent-cards-14pt-matte-finish_1.webp,549290e9-8025-4430-1175-eab53ec64e00
2,121,packaging,supply-boxes_1.jpg,b88a362a-fb86-4f6c-6a1c-998039a8f500
3,69,display_board_24pt,display-board-24pt_2.jpg,
3,62,3mm-sintra,3mm-sintra_5.png,
4,12,specialty_postcards,metallic-foil-postcards_2.webp,77ae0db1-d7b8-45f0-8252-af6edce6a300
4,12,specialty_postcards,metallic-foil-postcards_2.webp,9b1b27cc-7f46-4f93-e160-4d3a7ae86100
4,21,door_hangers,door-hangers-14pt-aq_1.webp,
4,11,standard_postcards,postcards-16pt-uv_1.webp,dcc1cec5-55df-4c78-9e91-62bea2e15900
4,23,Brochure-enveloped-and-addressed-postage-due,brochure-enveloped-and-addressed-postage-due_1.png,
4,29,presentation_folders,presentation-folders-14pt-aq_1.png,c1a87e4b-e105-44f3-f439-156215e53800
4,22,brochures,brochures-100lb-gloss-text_1.png,
4,10,specialty_greeting_cards,kraft-paper-greeting-cards_2.webp,
4,3,specialty_invitations,metallic-foil-invitations_1.webp,00b4ddf0-4fd6-4b24-e4e0-bbd128a73600
7,102,ncr_forms,ncr-forms-20lb-uncoated_1.webp,cb463ecf-9b38-45ea-3232-bc7981a22c00
4,17,specialty_bookmark,bookmark-13pt-enviro-uncoated_3.webp,
4,36,Notepads_25_pages,notepads-60lb-uncoated-25-pages_1.webp,ccd643df-1151-4f63-876e-6b272f687e00
1,2,specialty_business-cards,32pt-painted-edge-business-cards_1.png,
2,120,roll_labels,paper-roll-labels_1.webp,cd862046-4969-439b-231f-88a3a252ed00
3,58,table_covers,table-covers-6-ft-table_1.png,dbe8f182-3f69-48f2-1adb-7633879d9700
3,58,table_covers,table-covers-6-ft-table_1.png,cd99eaa3-d29a-4491-27d5-1e11ff99ed00
4,25,magnets,magnets-14pt_2.webp,
4,31,plastic,plastic-14pt_1.webp,fe9252f6-a4ec-40d6-87c4-1e431560bd00
3,58,table_covers,table-covers-8-ft-table_2.png,ce28b598-515c-4b12-b725-7756cfa05500
3,58,table_covers,table-covers-8-ft-table_2.png,3a8268bf-f509-44f3-370e-00dfd6b74d00
4,26,booklets,booklets-80lb-gloss-text-8-5-x-11_1.jpg,
4,10,specialty_greeting_cards,pearl-paper-greeting-cards_1.webp,a7d6a830-a751-4248-fe79-f8c906036400
4,10,specialty_greeting_cards,pearl-paper-greeting-cards_1.webp,d0c6fb86-7e33-48a0-0299-957ea5237200
1,1,standard_business_cards,business-cards-16pt-uv_1.webp,
3,61,removable_wall_decals,removable-wall-decals-7-mil_1.jpg,ff85b54f-3848-4953-2bed-a4ef34d46900
3,61,removable_wall_decals,removable-wall-decals-7-mil_1.jpg,e1e50fc1-aa8e-45a9-1c81-2f0081795d00
3,61,removable_wall_decals,removable-wall-decals-7-mil_1.jpg,c2a0e0f8-f04c-4943-b3b2-e56f8fc68f00
3,61,removable_wall_decals,removable-wall-decals-7-mil_1.jpg,2a41b602-0408-4715-6d5b-a001aa265e00
4,16,standard_bookmark,bookmark-14pt-uv_1.webp,
4,10,specialty_greeting_cards,greeting-cards-14pt-writable-aq-c1s_1.webp,
4,22,brochures,brochures-100lb-uv-high-gloss_1.png,
9,,apparel,apparel.jpeg,
4,25,magnets,magnets-14pt_3.webp,
4,6,cut_to_shape_magnets,cut-to-shape-magnets-20mil_2.webp,
4,17,specialty_bookmark,bookmark-13pt-enviro-uncoated_1.webp,
4,12,specialty_postcards,postcard-18pt-matte-lam-spot-uv_1.webp,d4c12bdf-4211-429d-ab6d-761c8fd76500
4,16,standard_bookmark,bookmark-14pt-writable-uv-c1s_1.webp,
4,4,standard_invitations,invitations-14pt-uv-high-gloss_1.png,
4,16,standard_bookmark,bookmark-18pt-gloss-lamination_1.webp,
4,34,tent_cards,tent-cards-14pt-matte-finish_1.webp,b5809a56-e2bb-4d9a-2343-65951050be00
4,34,tent_cards,tent-cards-14pt-matte-finish_1.webp,add341d4-ecf2-413c-88e6-8403af194400
4,34,tent_cards,tent-cards-14pt-matte-finish_1.webp,4caebfdf-6d58-4a3f-027f-b1e1f3860e00
4,34,tent_cards,tent-cards-14pt-matte-finish_1.webp,d5257674-5e45-48be-6a5a-07d53a080a00
4,34,tent_cards,tent-cards-14pt-matte-finish_1.webp,549290e9-8025-4430-1175-eab53ec64e00
4,12,specialty_postcards,kraft-paper-postcards_1.webp,
7,102,envelopes,ncr-forms-20lb-uncoated_1.webp,cb463ecf-9b38-45ea-3232-bc7981a22c00
3,60,coroplast,10mm-coroplast_1.png,
2,120,roll_labels,poly-roll-labels_1.webp,d7a106f9-fa3e-4285-3586-ba4b9baf7500
3,60,coroplast,4mm-coroplast-canadian.png,
4,22,brochures,brochures-100lb-matte-finish_1.png,
1,2,specialty_business-cards,business-cards-18pt-matte-lam-spot-uv_1.webp,
4,22,brochures,brochures-100lb-matte-finish_1.png,
4,3,specialty_invitations,invitations-18pt-kraft-paper_1.png,
4,8,specialty_flyers,flyers-80lb-enviro-uncoated_1.webp,
3,60,coroplast,quick-ship-coroplast-signs_3.png,c2850467-0051-4673-2906-1dfbd0897b00
3,60,coroplast,quick-ship-coroplast-signs_3.png,ad380970-3c76-4c7f-413e-d190e1dc3900
3,60,coroplast,quick-ship-coroplast-signs_3.png,db01299f-d597-467b-3e14-c13276547600
3,60,coroplast,quick-ship-coroplast-signs_3.png,c4b6ef9f-2538-4437-6b8c-3d44ddff9100
3,60,coroplast,quick-ship-coroplast-signs_3.png,93d2a5e6-fe99-4c49-92de-cd3fdedf8700
3,54,a_frame_signs,a-frame-signs-4mm-coroplast.jpg,
1,1,standard_business_cards,business-cards-14pt-matte-finish_1.webp,
3,58,table_covers,table-covers-6-ft-table_2.png,dbe8f182-3f69-48f2-1adb-7633879d9700
3,58,table_covers,table-covers-6-ft-table_2.png,cd99eaa3-d29a-4491-27d5-1e11ff99ed00
7,101,envelopes,letterheads-60lb-uncoated_1.webp,
4,11,standard_postcards,postcards-16pt-uv_1.webp,dcc1cec5-55df-4c78-9e91-62bea2e15900
4,14,postcard-enveloped-and-addressed-postage-included,postcard-addressed-postage-included_1.png,ddbbcf01-42a8-46b6-bdca-42c5d17f7800
1,1,standard_business_cards,business-cards-14pt-uv-high-gloss_1.png,
4,26,booklets,booklets-80lb-gloss-text-8-5-x-5-5_1.jpg,
3,53,4mm_foam_board,4mm-foam-board_1.png,
1,1,standard_business_cards,quick-ship-business-cards_1.png,e13479be-444b-4c40-0579-6bf38d78f800
4,10,specialty_greeting_cards,kraft-paper-greeting-cards_1.webp,
3,61,removable_wall_decals,removable-wall-decals-7-mil_3.png,ff85b54f-3848-4953-2bed-a4ef34d46900
3,61,removable_wall_decals,removable-wall-decals-7-mil_3.png,e1e50fc1-aa8e-45a9-1c81-2f0081795d00
3,61,removable_wall_decals,removable-wall-decals-7-mil_3.png,c2a0e0f8-f04c-4943-b3b2-e56f8fc68f00
3,61,removable_wall_decals,removable-wall-decals-7-mil_3.png,2a41b602-0408-4715-6d5b-a001aa265e00
4,3,specialty_invitations,pearl-paperl-invitations_1.png,7827d781-b3ea-4445-7066-62c1d4411800
4,33,clings_opaque,clings-opaque_1.jpg,
4,24,brochures,brochure-enveloped-and-addressed-postage-included_1.png,
3,63,floor_graphics,social-distancing-floor-stickers_1.png,e24fd527-ea23-40dc-cc12-246be5087600
4,18,Standard-rack-cards,standard-rack-cards_1.png,100fce98-2272-456a-5e3b-699113cd8e00
4,20,posters,posters-100lb-uv-high-gloss_1.webp,e2a9a438-cb0b-44f3-5d32-0e1bd6117800
4,20,posters,posters-80lb-enviro-uncoated_1.webp,e399a14d-16c7-450f-14fa-c5a98e289600
4,7,standard_flyers,flyers-100lb-matte-finish_1.png,
4,37,number_tickets,numbered-tickets-14pt_1.png,9b24c8e5-2901-480f-d775-f0269eac6b00
1,2,specialty_business-cards,die-cut-business-cards_1.webp,
4,17,specialty_bookmark,bookmark-13pt-enviro-uncoated_3.webp,
4,12,specialty_postcards,postcards-14pt-writable-aq-c1s_1.webp,e62d3231-7a42-4616-4d55-3dc803409d00
4,16,standard_bookmark,bookmark-14pt-uv_1.webp,
4,30,Canvas,canvas-roll_2.webp,
4,8,specialty_flyers,flyers-70lb-linen-uncoated_1.jpg,
4,11,standard_postcards,postcards-10pt-aq_1.webp,e7dd8fa7-c250-45b5-3976-d122db933e00
4,11,standard_postcards,postcards-16pt-aq_1.webp,e8d41607-23d9-45ec-4a4a-57c633c2ac00
3,60,coroplast,6mm-coroplast.png,
3,70,a_frame_stands,a-frame-stands_1.jpg,
3,51,pull_up_banners,pull-up-banners-13oz-matte-vinyl-blackbase-31-5-x-78-75_2.png,b0555943-58be-4abc-6174-9eb943075900
3,51,pull_up_banners,pull-up-banners-13oz-matte-vinyl-blackbase-31-5-x-78-75_2.png,8a31f66f-1920-4723-3d1e-4fd4c8a39f00
3,51,pull_up_banners,pull-up-banners-13oz-matte-vinyl-blackbase-31-5-x-78-75_2.png,ea5988ef-dc28-4f9e-41fa-993918f62d00
3,51,pull_up_banners,pull-up-banners-13oz-matte-vinyl-blackbase-31-5-x-78-75_2.png,a3d2f6fa-19e6-4e73-bdca-867928b67200
3,69,display_board_24pt,display-board-24pt_2.jpg,
3,70,a_frame_stands,a-frame-stands_1.jpg,
1,1,standard_business_cards,business-cards-18pt-gloss-lamination_1.webp,
1,2,specialty_business-cards,business-cards-13pt-enviro-uncoated_2.webp,
4,7,standard_flyers,flyers-100lb-uv-high-gloss_1.webp,
4,29,presentation_folders,presentation-folders-14pt-metallic-foil_1.png,9bc5f03d-9e7e-4d0a-e5f4-b6cdcd998700
4,28,variable_printing,variable-printing-14pt_1.jpg,eefdf437-bed3-4468-f228-97e6f4ed0000
3,56,cut_shape_removable_decals,cut-to-shape-removable-decals_1.webp,
4,27,Digital-sheets,digital-sheets-80lb-enviro-uncoated_1.jpg,
3,69,display_board_24pt,display-board-24pt_1.jpg,
3,62,3mm-sintra,3mm-sintra_3.png,
1,2,specialty_business-cards,kraft-business-cards_3.webp,
3,62,3mm-sintra,3mm-sintra_2.png,
1,2,specialty_business-cards,folded-business-card-14pt-uv-high-gloss_1.jpg,
1,2,specialty_business-cards,folded-business-card-14pt-uv-high-gloss_1.jpg,
1,2,specialty_business-cards,metallic-foil-business-cards_3.webp,
4,27,Digital-sheets,digital-sheets-100lb-gloss-text_1.jpg,
3,58,table_covers,table-covers-8-ft-table_1.png,ce28b598-515c-4b12-b725-7756cfa05500
3,58,table_covers,table-covers-8-ft-table_1.png,3a8268bf-f509-44f3-370e-00dfd6b74d00
7,100,envelopes,envelopes-60lb-uncoated_1.webp,
4,17,specialty_bookmark,bookmark-13pt-enviro-uncoated_2.webp,
1,2,specialty_business-cards,business-cards-18pt-writable-c1s_1.webp,
4,12,specialty_postcards,kraft-paper-postcards_2.webp,
3,60,coroplast,8mm-coroplast.png,
1,2,specialty_business-cards,ultra-smooth-business-cards_1.webp,f721662d-f8f9-49a9-e78f-eb933a8ecd00
4,18,Standard-rack-cards,matte-laminated-rack-cards_1.png,
1,2,specialty_business-cards,business-cards-13pt-enviro-uncoated_1.webp,
3,50,banners,mesh-banner-8oz-polyester-mesh_1.webp,
4,25,magnets,magnets-14pt_4.webp,
4,3,specialty_invitations,invitations-18pt-kraft-paper_1.png,
1,1,standard_business_cards,business-cards-16pt-uv_1.webp,
3,59,car-magnets-30mil_2,car-magnets-30mil_1.webp,
4,21,door_hangers,door-hangers-14pt-aq_1.webp,
4,33,clings_opaque,clings-opaque_1.jpg,
3,62,3mm-sintra,3mm-sintra_3.png,
4,31,plastic,plastic-14pt_1.webp,fe9252f6-a4ec-40d6-87c4-1e431560bd00
3,51,pull_up_banners,premium-pull-up-banners-13oz-matte-vinyl_1.png,feb28379-4f53-4689-5cc6-3e378c7ca900
4,13,Unaddressed-postcard,unaddressed-postcard_1.png,54b0f83b-f27d-45bd-fa21-a85d0589f000
2,120,roll_labels,bopp-roll-labels_1.webp,
3,61,removable_wall_decals,removable-wall-decals-7-mil_4.jpg,ff85b54f-3848-4953-2bed-a4ef34d46900
3,61,removable_wall_decals,removable-wall-decals-7-mil_4.jpg,e1e50fc1-aa8e-45a9-1c81-2f0081795d00
3,61,removable_wall_decals,removable-wall-decals-7-mil_4.jpg,c2a0e0f8-f04c-4943-b3b2-e56f8fc68f00
3,61,removable_wall_decals,removable-wall-decals-7-mil_4.jpg,2a41b602-0408-4715-6d5b-a001aa265e00
